{
  "Total" : {
    "transaction" : "Total",
    "sampleCount" : 300,
    "errorCount" : 0,
    "errorPct" : 0.0,
    "meanResTime" : 309.5566666666667,
    "medianResTime" : 74.0,
    "minResTime" : 54.0,
    "maxResTime" : 4309.0,
    "pct1ResTime" : 104.0,
    "pct2ResTime" : 3308.5499999999997,
    "pct3ResTime" : 3863.3000000000006,
    "throughput" : 50.65000844166807,
    "receivedKBytesPerSec" : 171.3889445804491,
    "sentKBytesPerSec" : 5.985010763126794
  },
  "TextBox" : {
    "transaction" : "TextBox",
    "sampleCount" : 100,
    "errorCount" : 0,
    "errorPct" : 0.0,
    "meanResTime" : 76.87,
    "medianResTime" : 73.0,
    "minResTime" : 54.0,
    "maxResTime" : 228.0,
    "pct1ResTime" : 96.80000000000001,
    "pct2ResTime" : 101.0,
    "pct3ResTime" : 226.75999999999937,
    "throughput" : 46.082949308755765,
    "receivedKBytesPerSec" : 155.9349798387097,
    "sentKBytesPerSec" : 5.580357142857143
  },
  "Elements" : {
    "transaction" : "Elements",
    "sampleCount" : 100,
    "errorCount" : 0,
    "errorPct" : 0.0,
    "meanResTime" : 77.92,
    "medianResTime" : 74.5,
    "minResTime" : 54.0,
    "maxResTime" : 306.0,
    "pct1ResTime" : 95.0,
    "pct2ResTime" : 100.89999999999998,
    "pct3ResTime" : 304.069999999999,
    "throughput" : 46.01932811780948,
    "receivedKBytesPerSec" : 155.71969914864243,
    "sentKBytesPerSec" : 5.572653014265992
  },
  "AllPages" : {
    "transaction" : "AllPages",
    "sampleCount" : 100,
    "errorCount" : 0,
    "errorPct" : 0.0,
    "meanResTime" : 773.8799999999999,
    "medianResTime" : 76.0,
    "minResTime" : 54.0,
    "maxResTime" : 4309.0,
    "pct1ResTime" : 3542.0000000000005,
    "pct2ResTime" : 3783.3999999999996,
    "pct3ResTime" : 4307.699999999999,
    "throughput" : 17.20282126268708,
    "receivedKBytesPerSec" : 58.210718432822986,
    "sentKBytesPerSec" : 1.931957466024428
  }
}